Run ID,District Number,Total Costs,Run Time
1,1,35332,0.010355949401855469
2,1,35332,0.007666110992431641
3,1,35332,0.0047838687896728516
