Run ID,District Number,Total Costs,Run Time
1,2,94570,0.008868217468261719
2,1,106288,0.010310173034667969
3,1,106567,0.010504007339477539
4,1,106153,0.011925220489501953
