Run ID,District Number,Total Costs,Run Time
1,1,47527,0.02001476287841797
2,1,47527,0.0191652774810791
